<?xml version="1.0" encoding="UTF-8"?>
<project-private xmlns="http://www.netbeans.org/ns/project-private/1">
    <editor-bookmarks xmlns="http://www.netbeans.org/ns/editor-bookmarks/2" lastBookmarkId="0"/>
    <open-files xmlns="http://www.netbeans.org/ns/projectui-open-files/2">
        <group>
            <file>file:/D:/Net_Beats_java/family_dental_care/src/family_dental_care/welcome.java</file>
            <file>file:/D:/Net_Beats_java/family_dental_care/src/family_dental_care/manager_payment.java</file>
            <file>file:/D:/Net_Beats_java/family_dental_care/src/family_dental_care/connection.java</file>
            <file>file:/D:/Net_Beats_java/family_dental_care/src/family_dental_care/ManagerSignin.java</file>
            <file>file:/D:/Net_Beats_java/family_dental_care/src/family_dental_care/recep_treatment_book.java</file>
            <file>file:/D:/Net_Beats_java/family_dental_care/src/family_dental_care/recep_room.java</file>
            <file>file:/D:/Net_Beats_java/family_dental_care/src/family_dental_care/manager_dashboard.java</file>
            <file>file:/D:/Net_Beats_java/family_dental_care/src/family_dental_care/UserSignin.java</file>
            <file>file:/D:/Net_Beats_java/family_dental_care/src/family_dental_care/manager_treatment.java</file>
            <file>file:/D:/Net_Beats_java/family_dental_care/src/family_dental_care/recep_staff.java</file>
            <file>file:/D:/Net_Beats_java/family_dental_care/src/family_dental_care/manager_staff.java</file>
            <file>file:/D:/Net_Beats_java/family_dental_care/src/family_dental_care/logo.png</file>
            <file>file:/D:/Net_Beats_java/family_dental_care/src/family_dental_care/manager_room_book.java</file>
            <file>file:/D:/Net_Beats_java/family_dental_care/src/family_dental_care/manager_treatment_book.java</file>
            <file>file:/D:/Net_Beats_java/family_dental_care/src/family_dental_care/receptionist_dashboard.java</file>
            <file>file:/D:/Net_Beats_java/family_dental_care/src/family_dental_care/recep_room_book.java</file>
            <file>file:/D:/Net_Beats_java/family_dental_care/src/family_dental_care/login.java</file>
            <file>file:/D:/Net_Beats_java/family_dental_care/src/family_dental_care/manager_appointment.java</file>
            <file>file:/D:/Net_Beats_java/family_dental_care/src/family_dental_care/manager_room.java</file>
            <file>file:/D:/Net_Beats_java/family_dental_care/src/family_dental_care/manager_doctor.java</file>
            <file>file:/D:/Net_Beats_java/family_dental_care/src/family_dental_care/recep_doctor.java</file>
            <file>file:/D:/Net_Beats_java/family_dental_care/src/family_dental_care/patient.java</file>
            <file>file:/D:/Net_Beats_java/family_dental_care/src/family_dental_care/recep_treatment.java</file>
            <file>file:/D:/Net_Beats_java/family_dental_care/src/family_dental_care/home.png</file>
        </group>
    </open-files>
</project-private>
